﻿<?xml version="1.0" encoding="utf-8"?>
<manifest identifier="_647Jz7nqLP8" version="1.0" xmlns="http://www.imsproject.org/xsd/imscp_rootv1p1p2" xmlns:adlcp="http://www.adlnet.org/xsd/adlcp_rootv1p2" xmlns:xsi="http://www.w3.org/2001/XMLSchema-instance" xsi:schemaLocation="http://www.imsproject.org/xsd/imscp_rootv1p1p2 imscp_rootv1p1p2.xsd http://www.imsglobal.org/xsd/imsmd_rootv1p2p1 imsmd_rootv1p2p1.xsd http://www.adlnet.org/xsd/adlcp_rootv1p2 adlcp_rootv1p2.xsd">
  <metadata>
    <schema>ADL SCORM</schema>
    <schemaversion>1.2</schemaversion>
    <lom xmlns="http://www.imsglobal.org/xsd/imsmd_rootv1p2p1" xmlns:xsi="http://www.w3.org/2001/XMLSchema-instance" xsi:schemaLocation="http://www.imsglobal.org/xsd/imsmd_rootv1p2p1 imsmd_rootv1p2p1.xsd">
      <general>
        <title>
          <langstring xml:lang="x-none">INTRODUCTION TO GENRE</langstring>
        </title>
      </general>
      <lifecycle>
        <version>
          <langstring xml:lang="x-none">1</langstring>
        </version>
        <status>
          <source>
            <langstring xml:lang="x-none">LOMv1.0</langstring>
          </source>
          <value>
            <langstring xml:lang="x-none">Final</langstring>
          </value>
        </status>
      </lifecycle>
      <metametadata>
        <metadatascheme>ADL SCORM 1.2</metadatascheme>
      </metametadata>
      <educational>
        <typicallearningtime>
          <datetime>PT0H0M0S</datetime>
        </typicallearningtime>
      </educational>
      <rights>
        <cost>
          <source>
            <langstring xml:lang="x-none">LOMv1.0</langstring>
          </source>
          <value>
            <langstring xml:lang="x-none">yes</langstring>
          </value>
        </cost>
        <copyrightandotherrestrictions>
          <source>
            <langstring xml:lang="x-none">LOMv1.0</langstring>
          </source>
          <value>
            <langstring xml:lang="x-none">yes</langstring>
          </value>
        </copyrightandotherrestrictions>
      </rights>
    </lom>
  </metadata>
  <organizations default="INTRODUCTION_TO_GENRE_ORG">
    <organization identifier="INTRODUCTION_TO_GENRE_ORG">
      <title>INTRODUCTION TO GENRE</title>
      <item identifier="INTRODUCTION_TO_GENRE_SCO" isvisible="true" identifierref="__647Jz7nqLP8_RES">
        <title>INTRODUCTION TO GENRE</title>
      </item>
    </organization>
  </organizations>
  <resources>
    <resource identifier="__647Jz7nqLP8_RES" type="webcontent" href="index_lms.html" adlcp:scormtype="sco">
      <file href="story_content/thumbnail.jpg" />
      <file href="mobile/68X7qVqpklv.png" />
      <file href="mobile/6bwhihwH4nd.png" />
      <file href="mobile/6HsHTLLoT7A.png" />
      <file href="mobile/5fGZE8Ssfll.png" />
      <file href="mobile/6NuRBJGZ6si.png" />
      <file href="mobile/6HlmuUAdQk1.png" />
      <file href="mobile/6G1m38gGSdl.png" />
      <file href="mobile/5xKpmk6zGhd.png" />
      <file href="story_content/6bVsF46nnO6_44100_160_0.mp3" />
      <file href="mobile/64Wsggdi52C_RW.png" />
      <file href="mobile/6IMIxJholZT.png" />
      <file href="mobile/6Qc1xPk5pZS.png" />
      <file href="mobile/6asA7smF47y.png" />
      <file href="mobile/5nYTRvsY8FM.png" />
      <file href="mobile/5bsHHiLFcBS.png" />
      <file href="mobile/6ahlODQXNzr.png" />
      <file href="mobile/5t5fVpm6H96.png" />
      <file href="mobile/6LVtZ7hTNmp.png" />
      <file href="mobile/6X3R15FABBg.png" />
      <file href="mobile/6KJLyq0CVjY.png" />
      <file href="mobile/62Pjd7l6TTw.png" />
      <file href="mobile/6FTVSFTaWND.png" />
      <file href="mobile/6YLFiCPJ8Q7.png" />
      <file href="mobile/5rHjhK3FxvP.png" />
      <file href="mobile/5icxDLGbvex.png" />
      <file href="mobile/6LvQiQMz8E5.png" />
      <file href="mobile/5WN9KevadBy.png" />
      <file href="mobile/68wpqGHC8Tu.png" />
      <file href="mobile/5zwml7S4hKJ.png" />
      <file href="mobile/64Wsggdi52C.png" />
      <file href="meta.xml" />
      <file href="story_content/triggers.js" />
      <file href="story_content/user.js" />
      <file href="mobile/Shape5sIEKnzku6s.png" />
      <file href="mobile/Shape6n4zPviGBEZ.png" />
      <file href="mobile/Shape6Umwuc301YR.png" />
      <file href="mobile/Shape6daafceYNPF.png" />
      <file href="mobile/Shape5mN0D3el0nk.png" />
      <file href="mobile/Shape6janRUj30Aq.png" />
      <file href="html5/data/css/output.min.css" />
      <file href="html5/data/js/5fIh5QHpH4s.js" />
      <file href="html5/data/js/5mGUaXGft6T.js" />
      <file href="html5/data/js/6EvL65Cl4QR.js" />
      <file href="html5/data/js/6Lj0fTcWnux.js" />
      <file href="html5/data/js/6PjIc0XoqQ7.js" />
      <file href="html5/data/js/6VTt0exib65.js" />
      <file href="html5/data/js/data.js" />
      <file href="html5/data/js/frame.js" />
      <file href="html5/data/js/paths.js" />
      <file href="html5/lib/scripts/bootstrapper.min.js" />
      <file href="html5/lib/scripts/frame.desktop.min.js" />
      <file href="html5/lib/scripts/frame.mobile.min.js" />
      <file href="html5/lib/scripts/slides.min.js" />
      <file href="html5/lib/stylesheets/desktop.min.css" />
      <file href="html5/lib/stylesheets/mobile.min.css" />
      <file href="html5/lib/stylesheets/mobile-fonts/open-sans-bold.woff" />
      <file href="html5/lib/stylesheets/mobile-fonts/open-sans-light.woff" />
      <file href="html5/lib/stylesheets/mobile-fonts/open-sans-regular.woff" />
      <file href="analytics-frame.html" />
      <file href="story.html" />
      <file href="index_lms.html" />
      <file href="lms/AICCComm.html" />
      <file href="lms/blank.html" />
      <file href="lms/browsersniff.js" />
      <file href="lms/goodbye.html" />
      <file href="lms/scormdriver.js" />
    </resource>
  </resources>
</manifest>