﻿<?xml version="1.0" encoding="utf-8"?>
<manifest identifier="_5zn5pZKX1nf" version="1.0" xmlns="http://www.imsproject.org/xsd/imscp_rootv1p1p2" xmlns:adlcp="http://www.adlnet.org/xsd/adlcp_rootv1p2" xmlns:xsi="http://www.w3.org/2001/XMLSchema-instance" xsi:schemaLocation="http://www.imsproject.org/xsd/imscp_rootv1p1p2 imscp_rootv1p1p2.xsd http://www.imsglobal.org/xsd/imsmd_rootv1p2p1 imsmd_rootv1p2p1.xsd http://www.adlnet.org/xsd/adlcp_rootv1p2 adlcp_rootv1p2.xsd">
  <metadata>
    <schema>ADL SCORM</schema>
    <schemaversion>1.2</schemaversion>
    <lom xmlns="http://www.imsglobal.org/xsd/imsmd_rootv1p2p1" xmlns:xsi="http://www.w3.org/2001/XMLSchema-instance" xsi:schemaLocation="http://www.imsglobal.org/xsd/imsmd_rootv1p2p1 imsmd_rootv1p2p1.xsd">
      <general>
        <title>
          <langstring xml:lang="x-none">Trivia game</langstring>
        </title>
      </general>
      <lifecycle>
        <version>
          <langstring xml:lang="x-none">1</langstring>
        </version>
        <status>
          <source>
            <langstring xml:lang="x-none">LOMv1.0</langstring>
          </source>
          <value>
            <langstring xml:lang="x-none">Final</langstring>
          </value>
        </status>
      </lifecycle>
      <metametadata>
        <metadatascheme>ADL SCORM 1.2</metadatascheme>
      </metametadata>
      <educational>
        <typicallearningtime>
          <datetime>PT0H0M0S</datetime>
        </typicallearningtime>
      </educational>
      <rights>
        <cost>
          <source>
            <langstring xml:lang="x-none">LOMv1.0</langstring>
          </source>
          <value>
            <langstring xml:lang="x-none">yes</langstring>
          </value>
        </cost>
        <copyrightandotherrestrictions>
          <source>
            <langstring xml:lang="x-none">LOMv1.0</langstring>
          </source>
          <value>
            <langstring xml:lang="x-none">yes</langstring>
          </value>
        </copyrightandotherrestrictions>
      </rights>
    </lom>
  </metadata>
  <organizations default="Trivia_game_ORG">
    <organization identifier="Trivia_game_ORG">
      <title>Trivia game</title>
      <item identifier="task_8_SCO" isvisible="true" identifierref="__5zn5pZKX1nf_RES">
        <title>Trivia game</title>
      </item>
    </organization>
  </organizations>
  <resources>
    <resource identifier="__5zn5pZKX1nf_RES" type="webcontent" href="index_lms.html" adlcp:scormtype="sco">
      <file href="story_content/thumbnail.jpg" />
      <file href="mobile/65WrpSFb5E3_80.jpg" />
      <file href="mobile/5jH5Z4BDnfV.png" />
      <file href="mobile/5nWKj60Olvq_RW.png" />
      <file href="mobile/6NarOOXYuLs.png" />
      <file href="mobile/6CwXSkbbeI4.png" />
      <file href="mobile/6PQ7oDfen8O.png" />
      <file href="mobile/6m56eMr365y.png" />
      <file href="mobile/6292CNKbp2F.png" />
      <file href="mobile/6dnwyu1xcZw.png" />
      <file href="mobile/5VwvsHJDNLH.png" />
      <file href="mobile/5za2BkZdB4W_80.png" />
      <file href="mobile/6C13jHQ58HW_80.png" />
      <file href="mobile/6jyg8XrqBTN.png" />
      <file href="mobile/5o7OLIvOAjE.png" />
      <file href="mobile/6hAcFZM6Zpb.png" />
      <file href="mobile/61fIwjuXeP3.png" />
      <file href="mobile/6Ke6hLI7S8T.png" />
      <file href="mobile/65TYFRXxN0R.png" />
      <file href="mobile/5aY6qY2pNMr.gif" />
      <file href="mobile/6i1CQxJJFm2.png" />
      <file href="mobile/6FrtjFkRgls.png" />
      <file href="meta.xml" />
      <file href="story_content/triggers.js" />
      <file href="story_content/user.js" />
      <file href="html5/data/css/output.min.css" />
      <file href="html5/data/js/5k1nw99Ytja.js" />
      <file href="html5/data/js/5kr1PCRCa1J.js" />
      <file href="html5/data/js/5m7zbIQ0eTE.js" />
      <file href="html5/data/js/5rKlEeQywwV.js" />
      <file href="html5/data/js/5wMLTkP7lEJ.js" />
      <file href="html5/data/js/656uF2FOrge.js" />
      <file href="html5/data/js/6aUxrSBhaSi.js" />
      <file href="html5/data/js/6buz99VpNNa.js" />
      <file href="html5/data/js/6e5vWx5kigl.js" />
      <file href="html5/data/js/6FVH0cZjPXM.js" />
      <file href="html5/data/js/6HXw3Yo5aLX.js" />
      <file href="html5/data/js/6hyD1b3XaRs.js" />
      <file href="html5/data/js/6iSVVczGXMF.js" />
      <file href="html5/data/js/6LfXRTgxjrw.js" />
      <file href="html5/data/js/6MEjkiwlKGz.js" />
      <file href="html5/data/js/6mzLSjAIYc8.js" />
      <file href="html5/data/js/6POvfCp25Z8.js" />
      <file href="html5/data/js/6qi2MhuuUrg.js" />
      <file href="html5/data/js/6REJl27ijQl.js" />
      <file href="html5/data/js/6SPMPtcjPBI.js" />
      <file href="html5/data/js/6U1VrEtC6tE.js" />
      <file href="html5/data/js/data.js" />
      <file href="html5/data/js/frame.js" />
      <file href="html5/data/js/paths.js" />
      <file href="html5/lib/scripts/bootstrapper.min.js" />
      <file href="html5/lib/scripts/frame.desktop.min.js" />
      <file href="html5/lib/scripts/frame.mobile.min.js" />
      <file href="html5/lib/scripts/slides.min.js" />
      <file href="html5/lib/stylesheets/desktop.min.css" />
      <file href="html5/lib/stylesheets/mobile.min.css" />
      <file href="html5/lib/stylesheets/mobile-fonts/open-sans-bold.woff" />
      <file href="html5/lib/stylesheets/mobile-fonts/open-sans-light.woff" />
      <file href="html5/lib/stylesheets/mobile-fonts/open-sans-regular.woff" />
      <file href="analytics-frame.html" />
      <file href="story.html" />
      <file href="index_lms.html" />
      <file href="lms/AICCComm.html" />
      <file href="lms/blank.html" />
      <file href="lms/browsersniff.js" />
      <file href="lms/goodbye.html" />
      <file href="lms/scormdriver.js" />
    </resource>
  </resources>
</manifest>