﻿<?xml version="1.0" encoding="utf-8"?>
<manifest identifier="_5rnfXAofBO1" version="1.0" xmlns="http://www.imsproject.org/xsd/imscp_rootv1p1p2" xmlns:adlcp="http://www.adlnet.org/xsd/adlcp_rootv1p2" xmlns:xsi="http://www.w3.org/2001/XMLSchema-instance" xsi:schemaLocation="http://www.imsproject.org/xsd/imscp_rootv1p1p2 imscp_rootv1p1p2.xsd http://www.imsglobal.org/xsd/imsmd_rootv1p2p1 imsmd_rootv1p2p1.xsd http://www.adlnet.org/xsd/adlcp_rootv1p2 adlcp_rootv1p2.xsd">
  <metadata>
    <schema>ADL SCORM</schema>
    <schemaversion>1.2</schemaversion>
    <lom xmlns="http://www.imsglobal.org/xsd/imsmd_rootv1p2p1" xmlns:xsi="http://www.w3.org/2001/XMLSchema-instance" xsi:schemaLocation="http://www.imsglobal.org/xsd/imsmd_rootv1p2p1 imsmd_rootv1p2p1.xsd">
      <general>
        <title>
          <langstring xml:lang="x-none">Rating Scale</langstring>
        </title>
      </general>
      <lifecycle>
        <version>
          <langstring xml:lang="x-none">1</langstring>
        </version>
        <status>
          <source>
            <langstring xml:lang="x-none">LOMv1.0</langstring>
          </source>
          <value>
            <langstring xml:lang="x-none">Final</langstring>
          </value>
        </status>
      </lifecycle>
      <metametadata>
        <metadatascheme>ADL SCORM 1.2</metadatascheme>
      </metametadata>
      <educational>
        <typicallearningtime>
          <datetime>PT0H0M0S</datetime>
        </typicallearningtime>
      </educational>
      <rights>
        <cost>
          <source>
            <langstring xml:lang="x-none">LOMv1.0</langstring>
          </source>
          <value>
            <langstring xml:lang="x-none">yes</langstring>
          </value>
        </cost>
        <copyrightandotherrestrictions>
          <source>
            <langstring xml:lang="x-none">LOMv1.0</langstring>
          </source>
          <value>
            <langstring xml:lang="x-none">yes</langstring>
          </value>
        </copyrightandotherrestrictions>
      </rights>
    </lom>
  </metadata>
  <organizations default="Rating_Scale_ORG">
    <organization identifier="Rating_Scale_ORG">
      <title>Rating Scale</title>
      <item identifier="Rating_Scale_SCO" isvisible="true" identifierref="__5rnfXAofBO1_RES">
        <title>Rating Scale</title>
      </item>
    </organization>
  </organizations>
  <resources>
    <resource identifier="__5rnfXAofBO1_RES" type="webcontent" href="index_lms.html" adlcp:scormtype="sco">
      <file href="story_content/thumbnail.jpg" />
      <file href="mobile/5emmilMTfkP_P_0_0_1812_1080.png" />
      <file href="mobile/5q2vRfx3iew.png" />
      <file href="mobile/5cAJEvXLosV.png" />
      <file href="mobile/5XBzsQD1pgq.png" />
      <file href="mobile/6Raq6lB1J3P.png" />
      <file href="mobile/6caMSvWwz9b.png" />
      <file href="mobile/5x6Su8q2dii.png" />
      <file href="story_content/5lY5sfnTDEH_44100_56_0.mp3" />
      <file href="mobile/61DGraJhwu8_P_168_0_1080_109.png" />
      <file href="mobile/5cIxllj18AR.png" />
      <file href="mobile/5bob46SqWMl.png" />
      <file href="mobile/6VzEyIoUNwm.png" />
      <file href="mobile/5yhRsbyFsBs.png" />
      <file href="mobile/6nEsuusqjBe.png" />
      <file href="mobile/6NWCI62dbQE.png" />
      <file href="mobile/5j4VlVtx2Pr.png" />
      <file href="story_content/5fMLM5ng28P_44100_56_0.mp3" />
      <file href="mobile/6OYHF0AnGyt.png" />
      <file href="story_content/6q70x8KG9lH_44100_56_0.mp3" />
      <file href="mobile/6mXpq4VtNJW.png" />
      <file href="story_content/6DdqQRUpAoj_44100_56_0.mp3" />
      <file href="mobile/6KDJXiz2qqb.png" />
      <file href="story_content/604glgIUL4O_44100_56_0.mp3" />
      <file href="mobile/6jVqzpVpVxT.png" />
      <file href="story_content/66qWj7nylFq_44100_56_0.mp3" />
      <file href="mobile/6j8du4wG0Uy.png" />
      <file href="story_content/5hmfPPBuvXy_44100_56_0.mp3" />
      <file href="meta.xml" />
      <file href="story_content/triggers.js" />
      <file href="story_content/user.js" />
      <file href="html5/data/css/output.min.css" />
      <file href="html5/data/js/6fD1IfsBLda.js" />
      <file href="html5/data/js/data.js" />
      <file href="html5/data/js/frame.js" />
      <file href="html5/data/js/paths.js" />
      <file href="html5/lib/scripts/bootstrapper.min.js" />
      <file href="html5/lib/scripts/frame.desktop.min.js" />
      <file href="html5/lib/scripts/frame.mobile.min.js" />
      <file href="html5/lib/scripts/slides.min.js" />
      <file href="html5/lib/stylesheets/desktop.min.css" />
      <file href="html5/lib/stylesheets/mobile.min.css" />
      <file href="html5/lib/stylesheets/mobile-fonts/open-sans-bold.woff" />
      <file href="html5/lib/stylesheets/mobile-fonts/open-sans-light.woff" />
      <file href="html5/lib/stylesheets/mobile-fonts/open-sans-regular.woff" />
      <file href="analytics-frame.html" />
      <file href="story.html" />
      <file href="index_lms.html" />
      <file href="lms/AICCComm.html" />
      <file href="lms/blank.html" />
      <file href="lms/browsersniff.js" />
      <file href="lms/goodbye.html" />
      <file href="lms/scormdriver.js" />
    </resource>
  </resources>
</manifest>