﻿<?xml version="1.0" encoding="utf-8"?>
<manifest identifier="_6mFTXOf91XL" version="1.0" xmlns="http://www.imsproject.org/xsd/imscp_rootv1p1p2" xmlns:adlcp="http://www.adlnet.org/xsd/adlcp_rootv1p2" xmlns:xsi="http://www.w3.org/2001/XMLSchema-instance" xsi:schemaLocation="http://www.imsproject.org/xsd/imscp_rootv1p1p2 imscp_rootv1p1p2.xsd http://www.imsglobal.org/xsd/imsmd_rootv1p2p1 imsmd_rootv1p2p1.xsd http://www.adlnet.org/xsd/adlcp_rootv1p2 adlcp_rootv1p2.xsd">
  <metadata>
    <schema>ADL SCORM</schema>
    <schemaversion>1.2</schemaversion>
    <lom xmlns="http://www.imsglobal.org/xsd/imsmd_rootv1p2p1" xmlns:xsi="http://www.w3.org/2001/XMLSchema-instance" xsi:schemaLocation="http://www.imsglobal.org/xsd/imsmd_rootv1p2p1 imsmd_rootv1p2p1.xsd">
      <general>
        <title>
          <langstring xml:lang="x-none">Your Value Snapshot</langstring>
        </title>
      </general>
      <lifecycle>
        <version>
          <langstring xml:lang="x-none">1</langstring>
        </version>
        <status>
          <source>
            <langstring xml:lang="x-none">LOMv1.0</langstring>
          </source>
          <value>
            <langstring xml:lang="x-none">Final</langstring>
          </value>
        </status>
      </lifecycle>
      <metametadata>
        <metadatascheme>ADL SCORM 1.2</metadatascheme>
      </metametadata>
      <educational>
        <typicallearningtime>
          <datetime>PT0H0M0S</datetime>
        </typicallearningtime>
      </educational>
      <rights>
        <cost>
          <source>
            <langstring xml:lang="x-none">LOMv1.0</langstring>
          </source>
          <value>
            <langstring xml:lang="x-none">yes</langstring>
          </value>
        </cost>
        <copyrightandotherrestrictions>
          <source>
            <langstring xml:lang="x-none">LOMv1.0</langstring>
          </source>
          <value>
            <langstring xml:lang="x-none">yes</langstring>
          </value>
        </copyrightandotherrestrictions>
      </rights>
    </lom>
  </metadata>
  <organizations default="Your_Value_Snapshot_ORG">
    <organization identifier="Your_Value_Snapshot_ORG">
      <title>Your Value Snapshot</title>
      <item identifier="Your_Value_Snapshot_SCO" isvisible="true" identifierref="__6mFTXOf91XL_RES">
        <title>Your Value Snapshot</title>
      </item>
    </organization>
  </organizations>
  <resources>
    <resource identifier="__6mFTXOf91XL_RES" type="webcontent" href="index_lms.html" adlcp:scormtype="sco">
      <file href="story_content/thumbnail.jpg" />
      <file href="mobile/6BtOvSTXv1z.png" />
      <file href="mobile/6ZqmBLGceKU.png" />
      <file href="mobile/6S2oKROuVF3.png" />
      <file href="mobile/5qztN3oDl1s_R757575.png" />
      <file href="mobile/5fJE284rU0n_R757575.png" />
      <file href="mobile/5zZhKMWlEaO.png" />
      <file href="mobile/5zZhKMWlEaO_RD9D9D9.png" />
      <file href="mobile/5zZhKMWlEaO_R000000.png" />
      <file href="mobile/5zZhKMWlEaO_B-40.png" />
      <file href="mobile/5VIAgdDIT1M_R787878.png" />
      <file href="mobile/5VIAgdDIT1M_RFFFFFF.png" />
      <file href="mobile/5zTsWrUy0oK_R777777.png" />
      <file href="mobile/5zTsWrUy0oK_RFFFFFF.png" />
      <file href="mobile/6QnnaHlE98k.png" />
      <file href="mobile/6QnnaHlE98k_RW.png" />
      <file href="mobile/69gTW07yFyO_R696969.png" />
      <file href="mobile/69gTW07yFyO_RFFFFFF.png" />
      <file href="mobile/6Kx5b9cXVed_R757575.png" />
      <file href="mobile/6Kx5b9cXVed_RFFFFFF.png" />
      <file href="mobile/6laGRRZFOJA_R757575.png" />
      <file href="mobile/6laGRRZFOJA_RFFFFFF.png" />
      <file href="mobile/6Gvj0v8R7sP_R757575.png" />
      <file href="mobile/6Gvj0v8R7sP_RFFFFFF.png" />
      <file href="mobile/5aGfsgShlJL_R757575.png" />
      <file href="mobile/5aGfsgShlJL_RFFFFFF.png" />
      <file href="mobile/69j2wQweEZq_R757575.png" />
      <file href="mobile/69j2wQweEZq_RFFFFFF.png" />
      <file href="mobile/5r82OsWfrgO_R757575.png" />
      <file href="mobile/5r82OsWfrgO_RFFFFFF.png" />
      <file href="mobile/6jcDXIVcF0h_R757575.png" />
      <file href="mobile/6jcDXIVcF0h_RFFFFFF.png" />
      <file href="mobile/5pJcxb3zstR_R757575.png" />
      <file href="mobile/5fbcDehwGHY.png" />
      <file href="mobile/5pJcxb3zstR_RFFFFFF.png" />
      <file href="mobile/5rCbl706m9U_R757575.png" />
      <file href="mobile/61kDYVGUYO0_R757575.png" />
      <file href="mobile/6MWaqfouYod.png" />
      <file href="mobile/6MWaqfouYod_RW.png" />
      <file href="mobile/6ecTi4uG5nU.png" />
      <file href="mobile/6ecTi4uG5nU_RW.png" />
      <file href="mobile/6Yp9xPkf33l.png" />
      <file href="mobile/6Yp9xPkf33l_RW.png" />
      <file href="mobile/6PMuG4oiglB.png" />
      <file href="mobile/6PMuG4oiglB_RW.png" />
      <file href="mobile/5h1nTEx8Ph9.png" />
      <file href="mobile/5h1nTEx8Ph9_RW.png" />
      <file href="mobile/69hvnJD7evY.png" />
      <file href="mobile/69hvnJD7evY_RW.png" />
      <file href="mobile/6X6pZ6q5gRs.png" />
      <file href="mobile/6X6pZ6q5gRs_RW.png" />
      <file href="mobile/5xq78CvkGAU.png" />
      <file href="mobile/5xq78CvkGAU_RB.png" />
      <file href="mobile/63MUY7ed9Xo.png" />
      <file href="mobile/63MUY7ed9Xo_RW.png" />
      <file href="mobile/68eoBoDFzSi.png" />
      <file href="mobile/68eoBoDFzSi_RW.png" />
      <file href="mobile/648JBy1tvNq.png" />
      <file href="mobile/648JBy1tvNq_RW.png" />
      <file href="mobile/6IFwKHGu5Oi.png" />
      <file href="mobile/6IFwKHGu5Oi_RW.png" />
      <file href="mobile/65lGm8HoDjx.png" />
      <file href="mobile/65lGm8HoDjx_RW.png" />
      <file href="mobile/5xOc12nUPlE.png" />
      <file href="mobile/5xOc12nUPlE_RW.png" />
      <file href="mobile/5UvmRk1moVi.png" />
      <file href="mobile/5UvmRk1moVi_RW.png" />
      <file href="mobile/5xq78CvkGAU_RW.png" />
      <file href="mobile/6r3CqvMR5Xl.png" />
      <file href="mobile/6r3CqvMR5Xl_RW.png" />
      <file href="mobile/6XbteqZ1pzC.png" />
      <file href="mobile/6XbteqZ1pzC_RW.png" />
      <file href="mobile/5oODPrUy7Sx.png" />
      <file href="mobile/5oODPrUy7Sx_RW.png" />
      <file href="mobile/6jX5YOELQxs.png" />
      <file href="mobile/6jX5YOELQxs_RW.png" />
      <file href="mobile/6ORsxmjPq8M.png" />
      <file href="mobile/6ORsxmjPq8M_RW.png" />
      <file href="mobile/6ROlnpXqvlq.png" />
      <file href="mobile/6ROlnpXqvlq_RW.png" />
      <file href="mobile/5pMPn3cWSFl.png" />
      <file href="mobile/5pMPn3cWSFl_R000000.png" />
      <file href="mobile/6h10dw4gscS.png" />
      <file href="mobile/5dRiC8mAvds.png" />
      <file href="mobile/5vClE7SyqIj.png" />
      <file href="mobile/5vClE7SyqIj_R000000.png" />
      <file href="meta.xml" />
      <file href="story_content/triggers.js" />
      <file href="story_content/user.js" />
      <file href="html5/data/css/output.min.css" />
      <file href="html5/data/js/5pf9jKpyOQr.js" />
      <file href="html5/data/js/5q5hz2fdbMn.js" />
      <file href="html5/data/js/5ZQJfjU2jJU.js" />
      <file href="html5/data/js/61nGmWgLg1u.js" />
      <file href="html5/data/js/6c7pxgB0dvU.js" />
      <file href="html5/data/js/6k8hY0Uc8H2.js" />
      <file href="html5/data/js/data.js" />
      <file href="html5/data/js/frame.js" />
      <file href="html5/data/js/paths.js" />
      <file href="html5/lib/scripts/bootstrapper.min.js" />
      <file href="html5/lib/scripts/frame.desktop.min.js" />
      <file href="html5/lib/scripts/frame.mobile.min.js" />
      <file href="html5/lib/scripts/slides.min.js" />
      <file href="html5/lib/stylesheets/desktop.min.css" />
      <file href="html5/lib/stylesheets/mobile.min.css" />
      <file href="html5/lib/stylesheets/mobile-fonts/open-sans-bold.woff" />
      <file href="html5/lib/stylesheets/mobile-fonts/open-sans-light.woff" />
      <file href="html5/lib/stylesheets/mobile-fonts/open-sans-regular.woff" />
      <file href="analytics-frame.html" />
      <file href="story.html" />
      <file href="index_lms.html" />
      <file href="lms/AICCComm.html" />
      <file href="lms/blank.html" />
      <file href="lms/browsersniff.js" />
      <file href="lms/goodbye.html" />
      <file href="lms/scormdriver.js" />
    </resource>
  </resources>
</manifest>